{"cameraMode":{"drawMode":0,"name":"Shaded","section":"Shading Mode"},"sceneLighting":true,"audioPlay":false,"sceneViewState":{"showFog":true,"showMaterialUpdate":false,"showSkybox":true,"showFlares":true,"showImageEffects":true,"showParticleSystems":true},"in2DMode":false,"pivot":{"x":3.637969732284546,"y":7.063540935516357,"z":2.215524911880493},"rotation":{"x":0.031487785279750827,"y":0.02098718285560608,"z":-0.0006616738974116743,"w":0.9992835521697998},"size":22.851545333862306,"orthographic":true}