{"cameraMode":{"drawMode":0,"name":"Shaded","section":"Shading Mode"},"sceneLighting":false,"audioPlay":false,"sceneViewState":{"showFog":true,"showMaterialUpdate":false,"showSkybox":false,"showFlares":true,"showImageEffects":true,"showParticleSystems":true},"in2DMode":false,"pivot":{"x":0.0,"y":0.9549503326416016,"z":1.1920928955078126e-7},"rotation":{"x":-0.14676348865032197,"y":-0.08889694511890412,"z":0.013244287110865116,"w":-0.9850798845291138},"size":6.117484092712402,"orthographic":false}